School,County,Date,Days 
117 CUSD 4,Adams,2/23/2017,182
148 Quincy SD 172,Adams,3/20/2017,207
240 Liberty CUSD 2,Adams,5/1/2017,249
260 Central CUSD 3,Adams,5/8/2017,256
301 Payson CUSD 1,Adams,5/28/2017,276
192 Cairo USD 1,Alexander,4/8/2017,226
199 Egyptian CUSD 5,Alexander,4/10/2017,228
72 Bond County CUSD 2,Bond,1/26/2017,154
106 Mulberry Grove CUSD 1,Bond,2/15/2017,174
355 Belvidere CUSD 100,Boone,After 6/30,Remain Open for the entire year
356 North Boone CUSD 200,Boone,After 6/30,Remain Open for the entire year
296 Brown County CUSD 1,Brown,5/26/2017,274
22 DePue USD 103,Bureau,11/28/2016,95
38 Princeton ESD 115,Bureau,12/25/2016,122
195 Bureau Valley CUSD 340,Bureau,4/9/2017,227
222 Spring Valley CCSD 99,Bureau,4/25/2017,243
238 Dalzell SD 98,Bureau,4/30/2017,248
247 Hall HSD 502,Bureau,5/4/2017,252
332 Princeton HSD 500,Bureau,6/14/2017,Remain Open for the entire year
357 Ladd CCSD 94,Bureau,After 6/30,Remain Open for the entire year
358 Cherry SD 92,Bureau,After 6/30,Remain Open for the entire year
359 Ohio CCSD 17,Bureau,After 6/30,Remain Open for the entire year
360 La Moille CUSD 303,Bureau,After 6/30,Remain Open for the entire year
361 Malden CCSD 84,Bureau,After 6/30,Remain Open for the entire year
362 Ohio CHSD 505,Bureau,After 6/30,Remain Open for the entire year
60 Calhoun CUSD 40,Calhoun,1/19/2017,147
363 Brussels CUSD 42,Calhoun,After 6/30,Remain Open for the entire year
224 West Carroll CUSD 314,Carroll,4/26/2017,244
364 Chadwick-Milledgeville CUSD 399,Carroll,After 6/30,Remain Open for the entire year
365 Eastland CUSD 308,Carroll,After 6/30,Remain Open for the entire year
88 Beardstown CUSD 15,Cass,2/5/2017,164
155 Virginia CUSD 64,Cass,3/22/2017,209
366 A-C Central CUSD 262,Cass,After 6/30,Remain Open for the entire year
118 Rantoul City SD 137,Champaign,2/23/2017,182
171 Mahomet-Seymour CUSD 3,Champaign,3/28/2017,215
269 Urbana SD 116,Champaign,5/15/2017,263
367 Tolono CUSD 7,Champaign,After 6/30,Remain Open for the entire year
368 St Joseph CCSD 169,Champaign,After 6/30,Remain Open for the entire year
369 Ludlow CCSD 142,Champaign,After 6/30,Remain Open for the entire year
370 Thomasboro CCSD 130,Champaign,After 6/30,Remain Open for the entire year
371 Heritage CUSD 8,Champaign,After 6/30,Remain Open for the entire year
372 Champaign CUSD 4,Champaign,After 6/30,Remain Open for the entire year
373 Rantoul Township HSD 193,Champaign,After 6/30,Remain Open for the entire year
374 Fisher CUSD 1,Champaign,After 6/30,Remain Open for the entire year
375 Gifford CCSD 188,Champaign,After 6/30,Remain Open for the entire year
376 St Joseph Ogden CHSD 305,Champaign,After 6/30,Remain Open for the entire year
377 Prairieview-Ogden CCSD 197,Champaign,After 6/30,Remain Open for the entire year
81 South Fork SD 14,Christian,2/1/2017,160
180 Taylorville CUSD 3,Christian,4/2/2017,220
270 Morrisonville CUSD 1,Christian,5/15/2017,263
277 Pana CUSD 8,Christian,5/17/2017,265
378 Edinburg CUSD 4,Christian,After 6/30,Remain Open for the entire year
74 Casey-Westfield CUSD 4C,Clark,1/27/2017,155
196 Martinsville CUSD 3C,Clark,4/9/2017,227
305 Marshall CUSD 2C,Clark,5/30/2017,278
306 Clay City CUSD 10,Clay,5/30/2017,278
379 Flora CUSD 35,Clay,After 6/30,Remain Open for the entire year
380 North Clay CUSD 25,Clay,After 6/30,Remain Open for the entire year
21 Willow Grove SD 46,Clinton,11/22/2016,89
78 Breese ESD 12,Clinton,1/30/2017,158
218 Wesclin CUSD 3,Clinton,4/23/2017,241
267 Aviston SD 21,Clinton,5/14/2017,262
291 Damiansville SD 62,Clinton,5/24/2017,272
381 Carlyle CUSD 1,Clinton,After 6/30,Remain Open for the entire year
382 Germantown SD 60,Clinton,After 6/30,Remain Open for the entire year
383 Central CHSD 71,Clinton,After 6/30,Remain Open for the entire year
384 St Rose SD 14-15,Clinton,After 6/30,Remain Open for the entire year
385 Bartelso SD 57,Clinton,After 6/30,Remain Open for the entire year
386 Albers SD 63,Clinton,After 6/30,Remain Open for the entire year
387 North Wamac SD 186,Clinton,After 6/30,Remain Open for the entire year
132 Mattoon CUSD 2,Coles,3/7/2017,194
208 Charleston CUSD 1,Coles,4/15/2017,233
388 Oakland CUSD 5,Coles,After 6/30,Remain Open for the entire year
42 Burnham SD 154-5,Cook,1/1/2017,129
54 City of Chicago SD 299,Cook,1/10/2017,138
57 W Harvey-Dixmoor PSD 147,Cook,1/14/2017,142
66 Berwyn South SD 100,Cook,1/22/2017,150
68 Maywood-Melrose Park-Broadview 8,Cook,1/23/2017,151
70 Bellwood SD 88,Cook,1/25/2017,153
89 Park Forest SD 163,Cook,2/5/2017,164
92 Calumet City SD 155,Cook,2/6/2017,165
162 Gen George Patton SD 133,Cook,3/25/2017,212
163 Prairie-Hills ESD 144,Cook,3/25/2017,212
174 Thornton Twp HSD 205,Cook,3/29/2017,216
176 Posen-Robbins ESD 143-5,Cook,3/30/2017,217
177 Dolton SD 148,Cook,3/30/2017,217
178 Summit SD 104,Cook,3/31/2017,218
188 Bloom Twp HSD 206,Cook,4/6/2017,224
200 Matteson ESD 162,Cook,4/11/2017,229
203 Country Club Hills SD 160,Cook,4/12/2017,230
209 Cook County SD 130,Cook,4/15/2017,233
215 Sandridge SD 172,Cook,4/21/2017,239
241 Chicago Heights SD 170,Cook,5/1/2017,249
248 Harvey SD 152,Cook,5/4/2017,252
253 Wheeling CCSD 21,Cook,5/6/2017,254
261 CCSD 168,Cook,5/10/2017,258
284 Homewood SD 153,Cook,5/22/2017,270
299 J S Morton HSD 201,Cook,5/27/2017,275
312 Steger SD 194,Cook,6/1/2017,Remain Open for the entire year
316 Hoover-Schrum Memorial SD 157,Cook,6/3/2017,Remain Open for the entire year
319 Reavis Twp HSD 220,Cook,6/4/2017,Remain Open for the entire year
323 Arbor Park SD 145,Cook,6/6/2017,Remain Open for the entire year
328 River Grove SD 85-5,Cook,6/12/2017,Remain Open for the entire year
330 Midlothian SD 143,Cook,6/13/2017,Remain Open for the entire year
339 Lyons SD 103,Cook,6/17/2017,Remain Open for the entire year
346 La Grange SD 102,Cook,6/19/2017,Remain Open for the entire year
352 Berkeley SD 87,Cook,6/22/2017,Remain Open for the entire year
389 Oak Lawn CHSD 229,Cook,After 6/30,Remain Open for the entire year
390 Evanston CCSD 65,Cook,After 6/30,Remain Open for the entire year
391 Oak Park ESD 97,Cook,After 6/30,Remain Open for the entire year
392 Evergreen Park ESD 124,Cook,After 6/30,Remain Open for the entire year
393 Thornton Fractional Twp HSD 215,Cook,After 6/30,Remain Open for the entire year
394 Norridge SD 80,Cook,After 6/30,Remain Open for the entire year
395 Forest Ridge SD 142,Cook,After 6/30,Remain Open for the entire year
396 Arlington Heights SD 25,Cook,After 6/30,Remain Open for the entire year
397 Atwood Heights SD 125,Cook,After 6/30,Remain Open for the entire year
398 Proviso Twp HSD 209,Cook,After 6/30,Remain Open for the entire year
399 South Holland SD 151,Cook,After 6/30,Remain Open for the entire year
400 Lincoln ESD 156,Cook,After 6/30,Remain Open for the entire year
401 Palatine CCSD 15,Cook,After 6/30,Remain Open for the entire year
402 Worth SD 127,Cook,After 6/30,Remain Open for the entire year
403 Oak Lawn-Hometown SD 123,Cook,After 6/30,Remain Open for the entire year
404 Indian Springs SD 109,Cook,After 6/30,Remain Open for the entire year
405 Pennoyer SD 79,Cook,After 6/30,Remain Open for the entire year
406 Rosemont ESD 78,Cook,After 6/30,Remain Open for the entire year
407 Calumet Public SD 132,Cook,After 6/30,Remain Open for the entire year
408 Elmwood Park CUSD 401,Cook,After 6/30,Remain Open for the entire year
409 West Northfield SD 31,Cook,After 6/30,Remain Open for the entire year
410 East Maine SD 63,Cook,After 6/30,Remain Open for the entire year
411 Ford Heights SD 169,Cook,After 6/30,Remain Open for the entire year
412 Brookwood SD 167,Cook,After 6/30,Remain Open for the entire year
413 Argo CHSD 217,Cook,After 6/30,Remain Open for the entire year
414 Avoca SD 37,Cook,After 6/30,Remain Open for the entire year
415 Chicago Ridge SD 127-5,Cook,After 6/30,Remain Open for the entire year
416 Skokie SD 69,Cook,After 6/30,Remain Open for the entire year
417 Mount Prospect SD 57,Cook,After 6/30,Remain Open for the entire year
418 Lansing SD 158,Cook,After 6/30,Remain Open for the entire year
419 Bremen CHSD 228,Cook,After 6/30,Remain Open for the entire year
420 Prospect Heights SD 23,Cook,After 6/30,Remain Open for the entire year
421 Rich Twp HSD 227,Cook,After 6/30,Remain Open for the entire year
422 Schiller Park SD 81,Cook,After 6/30,Remain Open for the entire year
423 Sunnybrook SD 171,Cook,After 6/30,Remain Open for the entire year
424 Hazel Crest SD 152-5,Cook,After 6/30,Remain Open for the entire year
425 Komarek SD 94,Cook,After 6/30,Remain Open for the entire year
426 Westchester SD 92-5,Cook,After 6/30,Remain Open for the entire year
427 Evanston Twp HSD 202,Cook,After 6/30,Remain Open for the entire year
428 Brookfield Lagrange Park SD 95,Cook,After 6/30,Remain Open for the entire year
429 Cicero SD 99,Cook,After 6/30,Remain Open for the entire year
430 Berwyn North SD 98,Cook,After 6/30,Remain Open for the entire year
431 Burbank SD 111,Cook,After 6/30,Remain Open for the entire year
432 Cons HSD 230,Cook,After 6/30,Remain Open for the entire year
433 East Prairie SD 73,Cook,After 6/30,Remain Open for the entire year
434 Flossmoor SD 161,Cook,After 6/30,Remain Open for the entire year
435 Orland SD 135,Cook,After 6/30,Remain Open for the entire year
436 Township HSD 211,Cook,After 6/30,Remain Open for the entire year
437 CHSD 218,Cook,After 6/30,Remain Open for the entire year
438 La Grange SD 105 South,Cook,After 6/30,Remain Open for the entire year
439 Lemont-Bromberek CSD 113A,Cook,After 6/30,Remain Open for the entire year
440 Willow Springs SD 108,Cook,After 6/30,Remain Open for the entire year
441 River Trails SD 26,Cook,After 6/30,Remain Open for the entire year
442 Lincolnwood SD 74,Cook,After 6/30,Remain Open for the entire year
443 Western Springs SD 101,Cook,After 6/30,Remain Open for the entire year
444 Wilmette SD 39,Cook,After 6/30,Remain Open for the entire year
445 Union Ridge SD 86,Cook,After 6/30,Remain Open for the entire year
446 Township HSD 214,Cook,After 6/30,Remain Open for the entire year
447 Lyons Twp HSD 204,Cook,After 6/30,Remain Open for the entire year
448 ESD 159,Cook,After 6/30,Remain Open for the entire year
449 Golf ESD 67,Cook,After 6/30,Remain Open for the entire year
450 Northbrook SD 28,Cook,After 6/30,Remain Open for the entire year
451 North Palos SD 117,Cook,After 6/30,Remain Open for the entire year
452 CCSD 146,Cook,After 6/30,Remain Open for the entire year
453 Ridgeland SD 122,Cook,After 6/30,Remain Open for the entire year
454 Northfield Twp HSD 225,Cook,After 6/30,Remain Open for the entire year
455 Thornton SD 154,Cook,After 6/30,Remain Open for the entire year
456 Riverside-Brookfield Twp SD 208,Cook,After 6/30,Remain Open for the entire year
457 Glenview CCSD 34,Cook,After 6/30,Remain Open for the entire year
458 Schaumburg CCSD 54,Cook,After 6/30,Remain Open for the entire year
459 Maine Township HSD 207,Cook,After 6/30,Remain Open for the entire year
460 Kirby SD 140,Cook,After 6/30,Remain Open for the entire year
461 Ridgewood CHSD 234,Cook,After 6/30,Remain Open for the entire year
462 Northbrook ESD 27,Cook,After 6/30,Remain Open for the entire year
463 Homewood Flossmoor CHSD 233,Cook,After 6/30,Remain Open for the entire year
464 Rhodes SD 84-5,Cook,After 6/30,Remain Open for the entire year
465 Palos CCSD 118,Cook,After 6/30,Remain Open for the entire year
466 Park Ridge CCSD 64,Cook,After 6/30,Remain Open for the entire year
467 LaGrange Highlands SD 106,Cook,After 6/30,Remain Open for the entire year
468 Palos Heights SD 128,Cook,After 6/30,Remain Open for the entire year
469 Northbrook/Glenview SD 30,Cook,After 6/30,Remain Open for the entire year
470 New Trier Twp HSD 203,Cook,After 6/30,Remain Open for the entire year
471 Lemont Twp HSD 210,Cook,After 6/30,Remain Open for the entire year
472 Pleasantdale SD 107,Cook,After 6/30,Remain Open for the entire year
473 Forest Park SD 91,Cook,After 6/30,Remain Open for the entire year
474 Hillside SD 93,Cook,After 6/30,Remain Open for the entire year
475 Kenilworth SD 38,Cook,After 6/30,Remain Open for the entire year
476 Lindop SD 92,Cook,After 6/30,Remain Open for the entire year
477 Skokie SD 68,Cook,After 6/30,Remain Open for the entire year
478 Franklin Park SD 84,Cook,After 6/30,Remain Open for the entire year
479 CCSD 62,Cook,After 6/30,Remain Open for the entire year
480 Skokie SD 73-5,Cook,After 6/30,Remain Open for the entire year
481 Central Stickney SD 110,Cook,After 6/30,Remain Open for the entire year
482 Evergreen Park CHSD 231,Cook,After 6/30,Remain Open for the entire year
483 Niles Twp CHSD 219,Cook,After 6/30,Remain Open for the entire year
484 Riverside SD 96,Cook,After 6/30,Remain Open for the entire year
485 Comm Cons SD 59,Cook,After 6/30,Remain Open for the entire year
486 River Forest SD 90,Cook,After 6/30,Remain Open for the entire year
487 Sunset Ridge SD 29,Cook,After 6/30,Remain Open for the entire year
488 Oak Park - River Forest SD 200,Cook,After 6/30,Remain Open for the entire year
489 Leyden CHSD 212,Cook,After 6/30,Remain Open for the entire year
490 South Holland SD 150,Cook,After 6/30,Remain Open for the entire year
491 Glencoe SD 35,Cook,After 6/30,Remain Open for the entire year
492 Winnetka SD 36,Cook,After 6/30,Remain Open for the entire year
493 Mannheim SD 83,Cook,After 6/30,Remain Open for the entire year
494 Fairview SD 72,Cook,After 6/30,Remain Open for the entire year
495 Niles ESD 71,Cook,After 6/30,Remain Open for the entire year
496 Morton Grove SD 70,Cook,After 6/30,Remain Open for the entire year
497 Alsip-Hazlgrn-Oaklwn SD 126,Cook,After 6/30,Remain Open for the entire year
130 Oblong CUSD 4,Crawford,3/6/2017,193
133 Palestine CUSD 3,Crawford,3/7/2017,194
137 Hutsonville CUSD 1,Crawford,3/11/2017,198
498 Robinson CUSD 2,Crawford,After 6/30,Remain Open for the entire year
71 Neoga CUSD 3,Cumberland,1/25/2017,153
149 Cumberland CUSD 77,Cumberland,3/20/2017,207
94 Sandwich CUSD 430,Dekalb,2/7/2017,166
217 Sycamore CUSD 427,Dekalb,4/22/2017,240
229 DeKalb CUSD 428,Dekalb,4/27/2017,245
499 Genoa Kingston CUSD 424,Dekalb,After 6/30,Remain Open for the entire year
500 Somonauk CUSD 432,Dekalb,After 6/30,Remain Open for the entire year
501 Hiawatha CUSD 426,Dekalb,After 6/30,Remain Open for the entire year
502 Hinckley Big Rock CUSD 429,Dekalb,After 6/30,Remain Open for the entire year
503 Indian Creek CUSD 425,Dekalb,After 6/30,Remain Open for the entire year
504 Blue Ridge CUSD 18,Dewitt,After 6/30,Remain Open for the entire year
505 Clinton CUSD 15,Dewitt,After 6/30,Remain Open for the entire year
219 Villa Grove CUSD 302,Douglas,4/23/2017,241
506 Tuscola CUSD 301,Douglas,After 6/30,Remain Open for the entire year
507 Arcola CUSD 306,Douglas,After 6/30,Remain Open for the entire year
193 Bensenville SD 2,Dupage,4/8/2017,226
279 Queen Bee SD 16,Dupage,5/19/2017,267
292 CHSD 99,Dupage,5/24/2017,272
508 Hinsdale Twp HSD 86,Dupage,After 6/30,Remain Open for the entire year
509 CUSD 200,Dupage,After 6/30,Remain Open for the entire year
510 Cass SD 63,Dupage,After 6/30,Remain Open for the entire year
511 Du Page HSD 88,Dupage,After 6/30,Remain Open for the entire year
512 Keeneyville SD 20,Dupage,After 6/30,Remain Open for the entire year
513 Indian Prairie CUSD 204,Dupage,After 6/30,Remain Open for the entire year
514 West Chicago ESD 33,Dupage,After 6/30,Remain Open for the entire year
515 Fenton CHSD 100,Dupage,After 6/30,Remain Open for the entire year
516 Glen Ellyn SD 41,Dupage,After 6/30,Remain Open for the entire year
517 Roselle SD 12,Dupage,After 6/30,Remain Open for the entire year
518 SD 45 DuPage County,Dupage,After 6/30,Remain Open for the entire year
519 Lake Park CHSD 108,Dupage,After 6/30,Remain Open for the entire year
520 Downers Grove SD 58,Dupage,After 6/30,Remain Open for the entire year
521 CCSD 180,Dupage,After 6/30,Remain Open for the entire year
522 Hinsdale CCSD 181,Dupage,After 6/30,Remain Open for the entire year
523 Darien SD 61,Dupage,After 6/30,Remain Open for the entire year
524 CUSD 201,Dupage,After 6/30,Remain Open for the entire year
525 Elmhurst SD 205,Dupage,After 6/30,Remain Open for the entire year
526 CHSD 94,Dupage,After 6/30,Remain Open for the entire year
527 Salt Creek SD 48,Dupage,After 6/30,Remain Open for the entire year
528 Glenbard Twp HSD 87,Dupage,After 6/30,Remain Open for the entire year
529 Wood Dale SD 7,Dupage,After 6/30,Remain Open for the entire year
530 Downers Grove GSD 58,Dupage,After 6/30,Remain Open for the entire year
531 CCSD 89,Dupage,After 6/30,Remain Open for the entire year
532 Maercker SD 60,Dupage,After 6/30,Remain Open for the entire year
533 Butler SD 53,Dupage,After 6/30,Remain Open for the entire year
534 Winfield SD 34,Dupage,After 6/30,Remain Open for the entire year
535 Naperville CUSD 203,Dupage,After 6/30,Remain Open for the entire year
536 Addison SD 4,Dupage,After 6/30,Remain Open for the entire year
537 Center Cass SD 66,Dupage,After 6/30,Remain Open for the entire year
538 Marquardt SD 15,Dupage,After 6/30,Remain Open for the entire year
539 CCSD 93,Dupage,After 6/30,Remain Open for the entire year
540 Benjamin SD 25,Dupage,After 6/30,Remain Open for the entire year
541 Lombard SD 44,Dupage,After 6/30,Remain Open for the entire year
542 Bloomingdale SD 13,Dupage,After 6/30,Remain Open for the entire year
543 Gower SD 62,Dupage,After 6/30,Remain Open for the entire year
544 Itasca SD 10,Dupage,After 6/30,Remain Open for the entire year
545 Woodridge SD 68,Dupage,After 6/30,Remain Open for the entire year
546 Medinah SD 11,Dupage,After 6/30,Remain Open for the entire year
547 Lisle CUSD 202,Dupage,After 6/30,Remain Open for the entire year
121 Paris-Union SD 95,Edgar,2/25/2017,184
307 Edgar County CUD 6,Edgar,5/30/2017,278
313 Paris CUSD 4,Edgar,6/2/2017,Remain Open for the entire year
548 Kansas CUSD 3,Edgar,After 6/30,Remain Open for the entire year
549 Shiloh CUSD 1,Edgar,After 6/30,Remain Open for the entire year
114 Edwards County CUSD 1,Edwards,2/22/2017,181
76 Altamont CUSD 10,Effingham,1/29/2017,157
550 Effingham CUSD 40,Effingham,After 6/30,Remain Open for the entire year
551 Dieterich CUSD 30,Effingham,After 6/30,Remain Open for the entire year
552 Teutopolis CUSD 50,Effingham,After 6/30,Remain Open for the entire year
553 Beecher City CUSD 20,Effingham,After 6/30,Remain Open for the entire year
144 Vandalia CUSD 203,Fayette,3/17/2017,204
158 Ramsey CUSD 204,Fayette,3/23/2017,210
223 St Elmo CUSD 202,Fayette,4/25/2017,243
251 Brownstown CUSD 201,Fayette,5/5/2017,253
554 Paxton-Buckley-Loda CUD 10,Ford,After 6/30,Remain Open for the entire year
555 Gibson City-Melvin-Sibley CUSD 5,Ford,After 6/30,Remain Open for the entire year
1 Frankfort CUSD 168,Franklin,8/31/2016,6
3 Zeigler-Royalton CUSD 188,Franklin,9/14/2016,20
39 Benton CCSD 47,Franklin,12/25/2016,122
77 Christopher USD 99,Franklin,1/29/2017,157
93 Thompsonville CUSD 174,Franklin,2/6/2017,165
190 Sesser-Valier CUSD 196,Franklin,4/7/2017,225
254 Benton Cons HSD 103,Franklin,5/6/2017,254
302 Ewing Northern CCSD 115,Franklin,5/29/2017,277
556 Akin CCSD 91,Franklin,After 6/30,Remain Open for the entire year
245 Lewistown CUSD 97,Fulton,5/3/2017,251
314 CUSD 3 Fulton County,Fulton,6/2/2017,Remain Open for the entire year
557 Astoria CUSD 1,Fulton,After 6/30,Remain Open for the entire year
558 Canton Union SD 66,Fulton,After 6/30,Remain Open for the entire year
559 Spoon River Valley CUSD 4,Fulton,After 6/30,Remain Open for the entire year
560 V I T CUSD 2,Fulton,After 6/30,Remain Open for the entire year
168 Gallatin CUSD 7,Gallatin,3/26/2017,213
43 North Greene CUSD 3,Greene,1/1/2017,129
201 Carrollton CUSD 1,Greene,4/11/2017,229
221 Greenfield CUSD 10,Greene,4/24/2017,242
13 Braceville SD 75,Grundy,11/8/2016,75
56 Morris SD 54,Grundy,1/11/2017,139
122 South Wilmington CCSD 74,Grundy,2/25/2017,184
156 Morris CHSD 101,Grundy,3/22/2017,209
324 Gardner S Wilmington Twp HSD 73,Grundy,6/9/2017,Remain Open for the entire year
561 Minooka CCSD 201,Grundy,After 6/30,Remain Open for the entire year
562 Coal City CUSD 1,Grundy,After 6/30,Remain Open for the entire year
563 Saratoga CCSD 60C,Grundy,After 6/30,Remain Open for the entire year
564 Gardner CCSD 72C,Grundy,After 6/30,Remain Open for the entire year
565 Mazon-Verona-Kinsman ESD 2C,Grundy,After 6/30,Remain Open for the entire year
566 Minooka CHSD 111,Grundy,After 6/30,Remain Open for the entire year
567 NETTLE CREEK C C SCH DIST 24C,Grundy,After 6/30,Remain Open for the entire year
26 Hamilton Co CUSD 10,Hamilton,12/7/2016,104
99 Warsaw CUSD 316,Hancock,2/10/2017,169
170 Hamilton CCSD 328,Hancock,3/27/2017,214
230 Southeastern CUSD 337,Hancock,4/27/2017,245
280 Dallas ESD 327,Hancock,5/20/2017,268
309 La Harpe CSD 347,Hancock,5/31/2017,279
568 Nauvoo-Colusa CUSD 325,Hancock,After 6/30,Remain Open for the entire year
569 Illini West H S Dist 307,Hancock,After 6/30,Remain Open for the entire year
570 Carthage ESD 317,Hancock,After 6/30,Remain Open for the entire year
7 Hardin County CUSD 1,Hardin,10/21/2016,57
571 West Central CUSD 235,Henderson,After 6/30,Remain Open for the entire year
214 Kewanee CUSD 229,Henry,4/17/2017,235
268 Colona SD 190,Henry,5/14/2017,262
275 Wethersfield CUSD 230,Henry,5/16/2017,264
303 Cambridge CUSD 227,Henry,5/29/2017,277
317 Geneseo CUSD 228,Henry,6/3/2017,Remain Open for the entire year
572 AlWood CUSD 225,Henry,After 6/30,Remain Open for the entire year
573 Orion CUSD 223,Henry,After 6/30,Remain Open for the entire year
574 Galva CUSD 224,Henry,After 6/30,Remain Open for the entire year
575 Annawan CUSD 226,Henry,After 6/30,Remain Open for the entire year
12 Dongola USD 66,Iroquois,11/6/2016,73
231 Central CUSD 4,Iroquois,4/27/2017,245
576 Iroquois County CUSD 9,Iroquois,After 6/30,Remain Open for the entire year
577 Crescent Iroquois CUSD 249,Iroquois,After 6/30,Remain Open for the entire year
578 Iroquois West CUSD 10,Iroquois,After 6/30,Remain Open for the entire year
579 Milford Area PSD 124,Iroquois,After 6/30,Remain Open for the entire year
580 Cissna Park CUSD 6,Iroquois,After 6/30,Remain Open for the entire year
9 Elverado CUSD 196,Jackson,10/28/2016,64
27 Murphysboro CUSD 186,Jackson,12/14/2016,111
36 Unity Point CCSD 140,Jackson,12/24/2016,121
61 DeSoto Cons SD 86,Jackson,1/19/2017,147
246 Trico CUSD 176,Jackson,5/3/2017,251
581 Giant City CCSD 130,Jackson,After 6/30,Remain Open for the entire year
582 Carbondale CHSD 165,Jackson,After 6/30,Remain Open for the entire year
583 Carbondale ESD 95,Jackson,After 6/30,Remain Open for the entire year
164 Jasper County CUD 1,Jasper,3/25/2017,212
10 Grand Prairie CCSD 6,Jefferson,10/29/2016,65
41 Farrington CCSD 99,Jefferson,12/30/2016,127
69 Mount Vernon SD 80,Jefferson,1/23/2017,151
82 Woodlawn Unit SD 209,Jefferson,2/2/2017,161
105 Spring Garden CCSD 178,Jefferson,2/15/2017,174
169 Field CCSD 3,Jefferson,3/26/2017,213
262 McClellan CCSD 12,Jefferson,5/11/2017,259
297 Mt Vernon Twp HSD 201,Jefferson,5/26/2017,274
304 Waltonville CUSD 1,Jefferson,5/29/2017,277
584 Bethel SD 82,Jefferson,After 6/30,Remain Open for the entire year
585 Summersville SD 79,Jefferson,After 6/30,Remain Open for the entire year
586 Rome CCSD 2,Jefferson,After 6/30,Remain Open for the entire year
587 Opdyke-Belle-Rive CCSD 5,Jefferson,After 6/30,Remain Open for the entire year
588 Bluford Unit SD 318,Jefferson,After 6/30,Remain Open for the entire year
145 Jersey CUSD 100,Jersey,3/18/2017,205
589 Galena USD 120,Jo Daviess,After 6/30,Remain Open for the entire year
590 East Dubuque USD 119,Jo Daviess,After 6/30,Remain Open for the entire year
591 Warren CUSD 205,Jo Daviess,After 6/30,Remain Open for the entire year
592 Stockton CUSD 206,Jo Daviess,After 6/30,Remain Open for the entire year
593 River Ridge CUSD 210,Jo Daviess,After 6/30,Remain Open for the entire year
594 Scales Mound CUSD 211,Jo Daviess,After 6/30,Remain Open for the entire year
29 Vienna SD 55,Johnson,12/17/2016,114
107 New Simpson Hill SD 32,Johnson,2/15/2017,174
110 Vienna HSD 133,Johnson,2/20/2017,179
123 Buncombe Cons SD 43,Johnson,2/25/2017,184
143 Cypress SD 64,Johnson,3/15/2017,202
595 Goreville CUD 1,Johnson,After 6/30,Remain Open for the entire year
90 Aurora East USD 131,Kane,2/5/2017,164
95 Aurora West USD 129,Kane,2/8/2017,167
329 Kaneland CUSD 302,Kane,6/12/2017,Remain Open for the entire year
340 SD U-46,Kane,6/17/2017,Remain Open for the entire year
596 CUSD 300,Kane,After 6/30,Remain Open for the entire year
597 Batavia USD 101,Kane,After 6/30,Remain Open for the entire year
598 Central CUSD 301,Kane,After 6/30,Remain Open for the entire year
599 St Charles CUSD 303,Kane,After 6/30,Remain Open for the entire year
600 Geneva CUSD 304,Kane,After 6/30,Remain Open for the entire year
4 Pembroke CCSD 259,Kankakee,10/1/2016,37
11 Momence CUSD 1,Kankakee,10/29/2016,65
17 Kankakee SD 111,Kankakee,11/12/2016,79
205 Bradley SD 61,Kankakee,4/13/2017,231
320 St Anne CCSD 256,Kankakee,6/5/2017,Remain Open for the entire year
331 Bourbonnais SD 53,Kankakee,6/13/2017,Remain Open for the entire year
335 St George CCSD 258,Kankakee,6/15/2017,Remain Open for the entire year
601 Manteno CUSD 5,Kankakee,After 6/30,Remain Open for the entire year
602 Bradley Bourbonnais CHSD 307,Kankakee,After 6/30,Remain Open for the entire year
603 Herscher CUSD 2,Kankakee,After 6/30,Remain Open for the entire year
604 Grant Park CUSD 6,Kankakee,After 6/30,Remain Open for the entire year
605 St Anne CHSD 302,Kankakee,After 6/30,Remain Open for the entire year
202 Oswego CUSD 308,Kendall,4/11/2017,229
606 Plano CUSD 88,Kendall,After 6/30,Remain Open for the entire year
607 Yorkville CUSD 115,Kendall,After 6/30,Remain Open for the entire year
608 Lisbon CCSD 90,Kendall,After 6/30,Remain Open for the entire year
609 Newark CCSD 66,Kendall,After 6/30,Remain Open for the entire year
610 Newark CHSD 18,Kendall,After 6/30,Remain Open for the entire year
197 Galesburg CUSD 205,Knox,4/9/2017,227
611 R O W V A CUSD 208,Knox,After 6/30,Remain Open for the entire year
612 Knoxville CUSD 202,Knox,After 6/30,Remain Open for the entire year
613 Abingdon-Avon CUSD 276,Knox,After 6/30,Remain Open for the entire year
614 Williamsfield CUSD 210,Knox,After 6/30,Remain Open for the entire year
35 Waukegan CUSD 60,Lake,12/23/2016,120
100 Millburn CCSD 24,Lake,2/10/2017,169
134 Beach Park CCSD 3,Lake,3/7/2017,194
138 Round Lake CUSD 116,Lake,3/12/2017,199
146 North Chicago SD 187,Lake,3/18/2017,205
147 Big Hollow SD 38,Lake,3/19/2017,206
165 Lake Bluff ESD 65,Lake,3/25/2017,212
166 Zion ESD 6,Lake,3/25/2017,212
243 Gavin SD 37,Lake,5/2/2017,250
293 Oak Grove SD 68,Lake,5/24/2017,272
615 Grayslake CCSD 46,Lake,After 6/30,Remain Open for the entire year
616 Lake Forest CHSD 115,Lake,After 6/30,Remain Open for the entire year
617 Lake Forest SD 67,Lake,After 6/30,Remain Open for the entire year
618 Fox Lake GSD 114,Lake,After 6/30,Remain Open for the entire year
619 Grayslake CHSD 127,Lake,After 6/30,Remain Open for the entire year
620 Barrington CUSD 220,Lake,After 6/30,Remain Open for the entire year
621 Wauconda CUSD 118,Lake,After 6/30,Remain Open for the entire year
622 Lake Villa CCSD 41,Lake,After 6/30,Remain Open for the entire year
623 Warren Twp HSD 121,Lake,After 6/30,Remain Open for the entire year
624 Deerfield SD 109,Lake,After 6/30,Remain Open for the entire year
625 Woodland CCSD 50,Lake,After 6/30,Remain Open for the entire year
626 Zion-Benton Twp HSD 126,Lake,After 6/30,Remain Open for the entire year
627 Antioch CCSD 34,Lake,After 6/30,Remain Open for the entire year
628 North Shore SD 112,Lake,After 6/30,Remain Open for the entire year
629 Mundelein ESD 75,Lake,After 6/30,Remain Open for the entire year
630 Winthrop Harbor SD 1,Lake,After 6/30,Remain Open for the entire year
631 CHSD 117,Lake,After 6/30,Remain Open for the entire year
632 Mundelein Cons HSD 120,Lake,After 6/30,Remain Open for the entire year
633 Diamond Lake SD 76,Lake,After 6/30,Remain Open for the entire year
634 Twp HSD 113,Lake,After 6/30,Remain Open for the entire year
635 Rondout SD 72,Lake,After 6/30,Remain Open for the entire year
636 Lake Zurich CUSD 95,Lake,After 6/30,Remain Open for the entire year
637 Hawthorn CCSD 73,Lake,After 6/30,Remain Open for the entire year
638 Gurnee SD 56,Lake,After 6/30,Remain Open for the entire year
639 Emmons SD 33,Lake,After 6/30,Remain Open for the entire year
640 Grass Lake SD 36,Lake,After 6/30,Remain Open for the entire year
641 Libertyville SD 70,Lake,After 6/30,Remain Open for the entire year
642 Lincolnshire-Prairieview SD 103,Lake,After 6/30,Remain Open for the entire year
643 Fremont SD 79,Lake,After 6/30,Remain Open for the entire year
644 Aptakisic-Tripp CCSD 102,Lake,After 6/30,Remain Open for the entire year
645 CHSD 128,Lake,After 6/30,Remain Open for the entire year
646 Adlai E Stevenson HSD 125,Lake,After 6/30,Remain Open for the entire year
647 Grant CHSD 124,Lake,After 6/30,Remain Open for the entire year
648 Kildeer Countryside CCSD 96,Lake,After 6/30,Remain Open for the entire year
649 Bannockburn SD 106,Lake,After 6/30,Remain Open for the entire year
2 Streator ESD 44,LaSalle,9/3/2016,9
58 Ottawa ESD 141,LaSalle,1/16/2017,144
62 La Salle ESD 122,LaSalle,1/19/2017,147
129 Miller Twp CCSD 210,LaSalle,3/4/2017,191
271 Streator Twp HSD 40,LaSalle,5/15/2017,263
343 Peru ESD 124,LaSalle,6/18/2017,Remain Open for the entire year
348 Oglesby ESD 125,LaSalle,6/20/2017,Remain Open for the entire year
650 Marseilles ESD 150,LaSalle,After 6/30,Remain Open for the entire year
651 Mendota CCSD 289,LaSalle,After 6/30,Remain Open for the entire year
652 Tonica CCSD 79,LaSalle,After 6/30,Remain Open for the entire year
653 La Salle-Peru Twp HSD 120,LaSalle,After 6/30,Remain Open for the entire year
654 Wallace CCSD 195,LaSalle,After 6/30,Remain Open for the entire year
655 Lostant CUSD 425,LaSalle,After 6/30,Remain Open for the entire year
656 Ottawa Twp HSD 140,LaSalle,After 6/30,Remain Open for the entire year
657 Grand Ridge CCSD 95,LaSalle,After 6/30,Remain Open for the entire year
658 Allen-Otter Creek CCSD 65,LaSalle,After 6/30,Remain Open for the entire year
659 Mendota Twp HSD 280,LaSalle,After 6/30,Remain Open for the entire year
660 Rutland CCSD 230,LaSalle,After 6/30,Remain Open for the entire year
661 Seneca Twp HSD 160,LaSalle,After 6/30,Remain Open for the entire year
662 Waltham CCSD 185,LaSalle,After 6/30,Remain Open for the entire year
663 Leland CUSD 1,LaSalle,After 6/30,Remain Open for the entire year
664 Serena CUSD 2,LaSalle,After 6/30,Remain Open for the entire year
665 Deer Park CCSD 82,LaSalle,After 6/30,Remain Open for the entire year
666 Dimmick CCSD 175,LaSalle,After 6/30,Remain Open for the entire year
667 Dwight Twp HSD 230,LaSalle,After 6/30,Remain Open for the entire year
668 Seneca CCSD 170,LaSalle,After 6/30,Remain Open for the entire year
18 Red Hill CUSD 10,Lawrence,11/13/2016,80
79 Lawrence County CUD 20,Lawrence,1/31/2017,159
321 Dixon USD 170,Lee,6/5/2017,Remain Open for the entire year
669 Paw Paw CUSD 271,Lee,After 6/30,Remain Open for the entire year
670 Steward ESD 220,Lee,After 6/30,Remain Open for the entire year
671 Ashton-Franklin Center CUSD 275,Lee,After 6/30,Remain Open for the entire year
672 Amboy CUSD 272,Lee,After 6/30,Remain Open for the entire year
225 Prairie Central CUSD 8,Livingston,4/26/2017,244
226 Pontiac Twp HSD 90,Livingston,4/26/2017,244
235 Flanagan-Cornell Dist 74,Livingston,4/29/2017,247
266 Tri Point CUSD 6-J,Livingston,5/13/2017,261
294 Woodland CUSD 5,Livingston,5/24/2017,272
341 Pontiac CCSD 429,Livingston,6/17/2017,Remain Open for the entire year
673 Dwight Twp HSD 232,Livingston,After 6/30,Remain Open for the entire year
674 Odell CCSD 435,Livingston,After 6/30,Remain Open for the entire year
675 Cornell CCSD 426,Livingston,After 6/30,Remain Open for the entire year
676 Saunemin CCSD 438,Livingston,After 6/30,Remain Open for the entire year
677 Rooks Creek CCSD 425,Livingston,After 6/30,Remain Open for the entire year
344 Lincoln ESD 27,Logan,6/18/2017,Remain Open for the entire year
678 Mt Pulaski CUSD 23,Logan,After 6/30,Remain Open for the entire year
679 West Lincoln-Broadwell ESD 92,Logan,After 6/30,Remain Open for the entire year
680 Chester-East Lincoln CCSD 61,Logan,After 6/30,Remain Open for the entire year
681 Hartsburg Emden CUSD 21,Logan,After 6/30,Remain Open for the entire year
682 Lincoln CHSD 404,Logan,After 6/30,Remain Open for the entire year
683 New Holland-Middletown ED 88,Logan,After 6/30,Remain Open for the entire year
102 Decatur SD 61,Macon,2/11/2017,170
206 Meridian CUSD 15,Macon,4/14/2017,232
255 Maroa Forsyth CUSD 2,Macon,5/6/2017,254
285 Mt Zion CUSD 3,Macon,5/22/2017,270
310 Argenta-Oreana CUSD 1,Macon,5/31/2017,279
318 Warrensburg-Latham CUSD 11,Macon,6/3/2017,Remain Open for the entire year
684 Sangamon Valley CUSD 9,Macon,After 6/30,Remain Open for the entire year
47 Gillespie CUSD 7,Macoupin,1/4/2017,132
48 Mount Olive CUSD 5,Macoupin,1/5/2017,133
139 Staunton CUSD 6,Macoupin,3/12/2017,199
159 Southwestern CUSD 9,Macoupin,3/23/2017,210
184 North Mac CUSD 34,Macoupin,4/4/2017,222
207 Bunker Hill CUSD 8,Macoupin,4/14/2017,232
282 Carlinville CUSD 1,Macoupin,5/21/2017,269
685 Northwestern CUSD 2,Macoupin,After 6/30,Remain Open for the entire year
16 Madison CUSD 12,Madison,11/10/2016,77
31 East Alton-Wood River CHSD 14,Madison,12/20/2016,117
40 Bethalto CUSD 8,Madison,12/28/2016,125
46 Triad CUSD 2,Madison,1/3/2017,131
53 Alton CUSD 11,Madison,1/7/2017,135
84 Granite City CUSD 9,Madison,2/3/2017,162
119 Edwardsville CUSD 7,Madison,2/24/2017,183
150 Highland CUSD 5,Madison,3/20/2017,207
151 Collinsville CUSD 10,Madison,3/20/2017,207
686 Wood River-Hartford ESD 15,Madison,After 6/30,Remain Open for the entire year
687 Venice CUSD 3,Madison,After 6/30,Remain Open for the entire year
688 East Alton SD 13,Madison,After 6/30,Remain Open for the entire year
689 Roxana CUSD 1,Madison,After 6/30,Remain Open for the entire year
24 Central City SD 133,Marion,12/1/2016,98
25 Sandoval CUSD 501,Marion,12/1/2016,98
37 Odin PSD 722,Marion,12/24/2016,121
45 Centralia HSD 200,Marion,1/2/2017,130
49 Centralia SD 135,Marion,1/5/2017,133
91 South Central CUD 401,Marion,2/5/2017,164
124 Iuka CCSD 7,Marion,2/26/2017,185
216 Kell Cons SD 2,Marion,4/21/2017,239
233 Salem SD 111,Marion,4/28/2017,246
690 Raccoon Cons SD 1,Marion,After 6/30,Remain Open for the entire year
691 Salem CHSD 600,Marion,After 6/30,Remain Open for the entire year
692 Selmaville CCSD 10,Marion,After 6/30,Remain Open for the entire year
693 Patoka CUSD 100,Marion,After 6/30,Remain Open for the entire year
694 Midland CUSD 7,Marshall,After 6/30,Remain Open for the entire year
695 Henry-Senachwine CUSD 5,Marshall,After 6/30,Remain Open for the entire year
135 Massac UD 1,Mason,3/9/2017,196
349 Midwest Central CUSD 191,Mason,6/20/2017,Remain Open for the entire year
696 Havana CUSD 126,Mason,After 6/30,Remain Open for the entire year
697 Illini Central CUSD 189,Mason,After 6/30,Remain Open for the entire year
698 Joppa-Maple Grove UD 38,Mason,After 6/30,Remain Open for the entire year
283 Bushnell Prairie City CUSD 170,McDonough,5/21/2017,269
699 West Prairie CUSD 103,McDonough,After 6/30,Remain Open for the entire year
700 Macomb CUSD 185,McDonough,After 6/30,Remain Open for the entire year
198 Johnsburg CUSD 12,McHenry,4/9/2017,227
701 HUNTLEY CONS SCHOOL DIST 158,McHenry,After 6/30,Remain Open for the entire year
702 Harvard CUSD 50,McHenry,After 6/30,Remain Open for the entire year
703 Cary CCSD 26,McHenry,After 6/30,Remain Open for the entire year
704 Woodstock CUSD 200,McHenry,After 6/30,Remain Open for the entire year
705 Marengo-Union E Cons D 165,McHenry,After 6/30,Remain Open for the entire year
706 CHSD 155,McHenry,After 6/30,Remain Open for the entire year
707 McHenry CHSD 156,McHenry,After 6/30,Remain Open for the entire year
708 Crystal Lake CCSD 47,McHenry,After 6/30,Remain Open for the entire year
709 Fox River Grove Cons SD 3,McHenry,After 6/30,Remain Open for the entire year
710 Nippersink SD 2,McHenry,After 6/30,Remain Open for the entire year
711 Alden Hebron SD 19,McHenry,After 6/30,Remain Open for the entire year
712 McHenry CCSD 15,McHenry,After 6/30,Remain Open for the entire year
713 Richmond-Burton CHSD 157,McHenry,After 6/30,Remain Open for the entire year
714 Prairie Grove CSD 46,McHenry,After 6/30,Remain Open for the entire year
715 Marengo CHSD 154,McHenry,After 6/30,Remain Open for the entire year
716 Harrison SD 36,McHenry,After 6/30,Remain Open for the entire year
717 Riley CCSD 18,McHenry,After 6/30,Remain Open for the entire year
308 McLean County USD 5,McLean,5/30/2017,278
336 Olympia CUSD 16,McLean,6/16/2017,Remain Open for the entire year
718 Heyworth CUSD 4,McLean,After 6/30,Remain Open for the entire year
719 Lexington CUSD 7,McLean,After 6/30,Remain Open for the entire year
720 LeRoy CUSD 2,McLean,After 6/30,Remain Open for the entire year
721 Bloomington SD 87,McLean,After 6/30,Remain Open for the entire year
722 Tri Valley CUSD 3,McLean,After 6/30,Remain Open for the entire year
723 Ridgeview CUSD 19,McLean,After 6/30,Remain Open for the entire year
211 Porta CUSD 202,Menard,4/16/2017,234
347 Athens CUSD 213,Menard,6/19/2017,Remain Open for the entire year
724 Greenview CUSD 200,Menard,After 6/30,Remain Open for the entire year
725 Mercer County School District 404,Mercer,After 6/30,Remain Open for the entire year
278 Valmeyer CUSD 3,Monroe,5/18/2017,266
726 Waterloo CUSD 5,Monroe,After 6/30,Remain Open for the entire year
727 Columbia CUSD 4,Monroe,After 6/30,Remain Open for the entire year
112 Litchfield CUSD 12,Montgomery ,2/21/2017,180
160 Hillsboro CUSD 3,Montgomery ,3/23/2017,210
234 Nokomis CUSD 22,Montgomery ,4/28/2017,246
342 Panhandle CUSD 2,Montgomery ,6/17/2017,Remain Open for the entire year
728 Triopia CUSD 27,Morgan,After 6/30,Remain Open for the entire year
729 Jacksonville SD 117,Morgan,After 6/30,Remain Open for the entire year
730 Meredosia-Chambersburg CUSD 11,Morgan,After 6/30,Remain Open for the entire year
731 Waverly CUSD 6,Morgan,After 6/30,Remain Open for the entire year
732 Franklin CUSD 1,Morgan,After 6/30,Remain Open for the entire year
733 Sullivan CUSD 300,Moultrie,After 6/30,Remain Open for the entire year
734 Okaw Valley CUSD 302,Moultrie,After 6/30,Remain Open for the entire year
735 Meridian CUSD 223,Ogle,After 6/30,Remain Open for the entire year
736 Rochelle CCSD 231,Ogle,After 6/30,Remain Open for the entire year
737 Creston CCSD 161,Ogle,After 6/30,Remain Open for the entire year
738 Forrestville Valley CUSD 221,Ogle,After 6/30,Remain Open for the entire year
739 Oregon CUSD 220,Ogle,After 6/30,Remain Open for the entire year
740 Polo CUSD 222,Ogle,After 6/30,Remain Open for the entire year
741 Kings Cons SD 144,Ogle,After 6/30,Remain Open for the entire year
742 Eswood CCSD 269,Ogle,After 6/30,Remain Open for the entire year
743 Byron CUSD 226,Ogle,After 6/30,Remain Open for the entire year
744 Rochelle Twp HSD 212,Ogle,After 6/30,Remain Open for the entire year
96 Peoria SD 150,Peoria,2/8/2017,167
242 Limestone CHSD 310,Peoria,5/1/2017,249
326 Princeville CUSD 326,Peoria,6/10/2017,Remain Open for the entire year
350 Pleasant Hill SD 69,Peoria,6/21/2017,Remain Open for the entire year
745 Oak Grove SD 68,Peoria,After 6/30,Remain Open for the entire year
746 Norwood ESD 63,Peoria,After 6/30,Remain Open for the entire year
747 Elmwood CUSD 322,Peoria,After 6/30,Remain Open for the entire year
748 Il Valley Central USD 321,Peoria,After 6/30,Remain Open for the entire year
749 Brimfield CUSD 309,Peoria,After 6/30,Remain Open for the entire year
750 Illini Bluffs CUSD 327,Peoria,After 6/30,Remain Open for the entire year
751 Farmington Central CUSD 265,Peoria,After 6/30,Remain Open for the entire year
752 Pleasant Valley SD 62,Peoria,After 6/30,Remain Open for the entire year
753 Peoria Heights CUSD 325,Peoria,After 6/30,Remain Open for the entire year
754 Monroe SD 70,Peoria,After 6/30,Remain Open for the entire year
755 Bartonville SD 66,Peoria,After 6/30,Remain Open for the entire year
756 DUNLAP C U SCHOOL DIST 323,Peoria,After 6/30,Remain Open for the entire year
757 Limestone Walters CCSD 316,Peoria,After 6/30,Remain Open for the entire year
758 Hollis Cons SD 328,Peoria,After 6/30,Remain Open for the entire year
6 Tamaroa School Dist 5,Perry,10/16/2016,52
14 Duquoin CUSD 300,Perry,11/8/2016,75
97 Dupo CUSD 196,Perry,2/8/2017,167
141 Pinckneyville CHSD 101,Perry,3/13/2017,200
189 Pinckneyville SD 50,Perry,4/6/2017,224
759 CCSD 204,Perry,After 6/30,Remain Open for the entire year
249 Arthur CUSD 305,Piatt,5/4/2017,252
281 Bement CUSD 5,Piatt,5/20/2017,268
288 Cerro Gordo CUSD 100,Piatt,5/23/2017,271
351 Deland-Weldon CUSD 57,Piatt,6/21/2017,Remain Open for the entire year
760 Monticello CUSD 25,Piatt,After 6/30,Remain Open for the entire year
85 Pikeland CUSD 10,Pike,2/3/2017,162
86 Griggsville-Perry CUSD 4,Pike,2/4/2017,163
109 Western CUSD 12,Pike,2/16/2017,175
142 Pleasant Hill CUSD 3,Pike,3/14/2017,201
212 Pope Co CUD 1,Pope,4/16/2017,234
5 Meridian CUSD 101,Pulaski,10/1/2016,37
103 Century CUSD 100,Pulaski,2/11/2017,170
761 Putnam County CUSD 535,Putnam,After 6/30,Remain Open for the entire year
32 Chester CUSD 139,Randolph,12/20/2016,117
80 Sparta CUSD 140,Randolph,1/31/2017,159
167 Prairie Du Rocher CCSD 134,Randolph,3/25/2017,212
175 Coulterville USD 1,Randolph,3/29/2017,216
210 Steeleville CUSD 138,Randolph,4/15/2017,233
762 Red Bud CUSD 132,Randolph,After 6/30,Remain Open for the entire year
763 Chester N HSD 122,Randolph,After 6/30,Remain Open for the entire year
108 East Richland CUSD 1,Richland,2/15/2017,174
764 East Richland CUSD 1,Richland,After 6/30,Remain Open for the entire year
59 Carbon Cliff-Barstow SD 36,Rock Island,1/18/2017,146
258 Riverdale CUSD 100,Rock Island,5/7/2017,255
289 Rock Island SD 41,Rock Island,5/23/2017,271
765 Sherrard CUSD 200,Rock Island,After 6/30,Remain Open for the entire year
766 Rockridge CUSD 300,Rock Island,After 6/30,Remain Open for the entire year
767 United Twp HSD 30,Rock Island,After 6/30,Remain Open for the entire year
768 Moline-Coal Valley CUSD 40,Rock Island,After 6/30,Remain Open for the entire year
769 Silvis SD 34,Rock Island,After 6/30,Remain Open for the entire year
770 Hampton SD 29,Rock Island,After 6/30,Remain Open for the entire year
771 East Moline SD 37,Rock Island,After 6/30,Remain Open for the entire year
19 Harrisburg CUSD 3,Saline,11/16/2016,83
28 Eldorado CUSD 4,Saline,12/16/2016,113
55 Carrier Mills-Stonefort CUSD 2,Saline,1/10/2017,138
272 Galatia CUSD 1,Saline,5/15/2017,263
140 Springfield SD 186,Sangamon,3/12/2017,199
250 Tri City CUSD 1,Sangamon,5/4/2017,252
273 Rochester CUSD 3A,Sangamon,5/15/2017,263
327 Ball Chatham CUSD 5,Sangamon,6/10/2017,Remain Open for the entire year
345 Williamsville CUSD 15,Sangamon,6/18/2017,Remain Open for the entire year
772 Auburn CUSD 10,Sangamon,After 6/30,Remain Open for the entire year
773 Riverton CUSD 14,Sangamon,After 6/30,Remain Open for the entire year
774 Pleasant Plains CUSD 8,Sangamon,After 6/30,Remain Open for the entire year
775 New Berlin CUSD 16,Sangamon,After 6/30,Remain Open for the entire year
776 Pawnee CUSD 11,Sangamon,After 6/30,Remain Open for the entire year
127 Schuyler-Industry CUSD 5,Schuyler,3/3/2017,190
115 Winchester CUSD 1,Scott,2/22/2017,181
777 Scott-Morgan CUSD 2,Scott,After 6/30,Remain Open for the entire year
87 Cowden-Herrick CUSD 3A,Shelby,2/4/2017,163
232 Stewardson-Strasburg CUD 5A,Shelby,4/27/2017,245
244 Central A & M CUD 21,Shelby,5/2/2017,250
778 Shelbyville CUSD 4,Shelby,After 6/30,Remain Open for the entire year
779 Windsor CUSD 1,Shelby,After 6/30,Remain Open for the entire year
8 Brooklyn UD 188,St Clair,10/25/2016,61
15 Cahokia CUSD 187,St Clair,11/9/2016,76
52 Belleville SD 118,St Clair,1/6/2017,134
64 St Libory Cons SD 30,St Clair,1/20/2017,148
67 Marissa CUSD 40,St Clair,1/22/2017,150
75 High Mount SD 116,St Clair,1/28/2017,156
83 East St Louis SD 189,St Clair,2/2/2017,161
101 O Fallon CCSD 90,St Clair,2/10/2017,169
153 Belleville Twp HSD 201,St Clair,3/21/2017,208
161 Harmony Emge SD 175,St Clair,3/23/2017,210
194 Shiloh Village SD 85,St Clair,4/8/2017,226
236 Freeburg CHSD 77,St Clair,4/29/2017,247
263 Grant CCSD 110,St Clair,5/11/2017,259
286 New Athens CUSD 60,St Clair,5/22/2017,270
295 O Fallon Twp HSD 203,St Clair,5/25/2017,273
322 Whiteside SD 115,St Clair,6/6/2017,Remain Open for the entire year
337 Millstadt CCSD 160,St Clair,6/16/2017,Remain Open for the entire year
780 Central SD 104,St Clair,After 6/30,Remain Open for the entire year
781 Belle Valley SD 119,St Clair,After 6/30,Remain Open for the entire year
782 Mascoutah CUD 19,St Clair,After 6/30,Remain Open for the entire year
783 Wolf Branch SD 113,St Clair,After 6/30,Remain Open for the entire year
784 Lebanon CUSD 9,St Clair,After 6/30,Remain Open for the entire year
785 Pontiac-W Holliday SD 105,St Clair,After 6/30,Remain Open for the entire year
786 Freeburg CCSD 70,St Clair,After 6/30,Remain Open for the entire year
787 Signal Hill SD 181,St Clair,After 6/30,Remain Open for the entire year
788 Smithton CCSD 130,St Clair,After 6/30,Remain Open for the entire year
789 Bradford CUSD 1,Stark,After 6/30,Remain Open for the entire year
790 Stark County CUSD 100,Stark,After 6/30,Remain Open for the entire year
152 Freeport SD 145,Stephenson,3/20/2017,207
227 Dakota CUSD 201,Stephenson,4/26/2017,244
256 Orangeville CUSD 203,Stephenson,5/6/2017,254
274 Pearl City CUSD 200,Stephenson,5/15/2017,263
791 Lena Winslow CUSD 202,Stephenson,After 6/30,Remain Open for the entire year
50 South Pekin SD 137,Tazewell,1/5/2017,133
63 Spring Lake CCSD 606,Tazewell,1/19/2017,147
154 East Peoria CHSD 309,Tazewell,3/21/2017,208
179 Pekin PSD 108,Tazewell,4/1/2017,219
204 Deer Creek-Mackinaw CUSD 701,Tazewell,4/12/2017,230
338 Washington SD 52,Tazewell,6/16/2017,Remain Open for the entire year
792 Tremont CUSD 702,Tazewell,After 6/30,Remain Open for the entire year
793 District 50 Schools,Tazewell,After 6/30,Remain Open for the entire year
794 Delavan CUSD 703,Tazewell,After 6/30,Remain Open for the entire year
795 N Pekin & Marquette Hght SD 102,Tazewell,After 6/30,Remain Open for the entire year
796 Creve Coeur SD 76,Tazewell,After 6/30,Remain Open for the entire year
797 Washington CHSD 308,Tazewell,After 6/30,Remain Open for the entire year
798 East Peoria SD 86,Tazewell,After 6/30,Remain Open for the entire year
799 Central SD 51,Tazewell,After 6/30,Remain Open for the entire year
800 Pekin CSD 303,Tazewell,After 6/30,Remain Open for the entire year
801 Morton CUSD 709,Tazewell,After 6/30,Remain Open for the entire year
802 Rankin CSD 98,Tazewell,After 6/30,Remain Open for the entire year
803 Robein SD 85,Tazewell,After 6/30,Remain Open for the entire year
51 Dolton SD 149,Union,1/5/2017,133
126 County of Union Sch Dist No43,Union,3/2/2017,189
136 Anna CCSD 37,Union,3/9/2017,196
185 Lick Creek CCSD 16,Union,4/4/2017,222
220 Shawnee CUSD 84,Union,4/23/2017,241
228 Anna Jonesboro CHSD 81,Union,4/26/2017,244
311 Cobden SUD 17,Union,5/31/2017,279
20 Georgetown-Ridge Farm CUD 4,Vermilion,11/21/2016,88
65 Danville CCSD 118,Vermilion,1/20/2017,148
125 Oakwood CUSD 76,Vermilion,2/28/2017,187
157 Westville CUSD 2,Vermilion,3/22/2017,209
181 Bismarck Henning CUSD,Vermilion,4/2/2017,220
276 Hoopeston Area CUSD 11,Vermilion,5/16/2017,264
325 Rossville-Alvin CUSD 7,Vermilion,6/9/2017,Remain Open for the entire year
354 Salt Fork CUD 512,Vermilion,6/25/2017,Remain Open for the entire year
804 Potomac CUSD 10,Vermilion,After 6/30,Remain Open for the entire year
805 Armstrong-Ellis Cons SD 61,Vermilion,After 6/30,Remain Open for the entire year
806 Armstrong Twp HSD 225,Vermilion,After 6/30,Remain Open for the entire year
23 Wabash CUSD 348,Wabash,11/29/2016,96
30 Allendale CCSD 17,Wabash,12/19/2016,116
111 Monmouth-Roseville CUSD 238,Wabash,2/20/2017,179
287 United CUSD 304,Wabash,5/22/2017,270
120 Ashley CCSD 15,Washington,2/24/2017,183
237 Oakdale CCSD 1,Washington,4/29/2017,247
333 Irvington CCSD 11,Washington,6/14/2017,Remain Open for the entire year
807 Nashville CCSD 49,Washington,After 6/30,Remain Open for the entire year
808 Nashville CHSD 99,Washington,After 6/30,Remain Open for the entire year
809 West Washington Co CUD 10,Washington,After 6/30,Remain Open for the entire year
116 Wayne City CUSD 100,Wayne,2/22/2017,181
191 Fairfield Comm H S Dist 225,Wayne,4/7/2017,225
290 New Hope CCSD 6,Wayne,5/23/2017,271
810 Jasper CCSD 17,Wayne,After 6/30,Remain Open for the entire year
811 Fairfield PSD 112,Wayne,After 6/30,Remain Open for the entire year
812 North Wayne CUSD 200,Wayne,After 6/30,Remain Open for the entire year
813 Geff CCSD 14,Wayne,After 6/30,Remain Open for the entire year
33 Norris City-Omaha-Enfield CUSD 3,White,12/20/2016,117
128 Grayville CUSD 1,White,3/3/2017,190
131 Carmi-White County CUSD 5,White,3/6/2017,193
44 Rock Falls ESD 13,Whiteside,1/1/2017,129
259 Sterling CUSD 5,Whiteside,5/7/2017,255
265 River Bend CUSD 2,Whiteside,5/12/2017,260
300 East Coloma - Nelson CESD 20,Whiteside,5/27/2017,275
814 Montmorency CCSD 145,Whiteside,After 6/30,Remain Open for the entire year
815 Morrison CUSD 6,Whiteside,After 6/30,Remain Open for the entire year
816 Rock Falls Twp HSD 301,Whiteside,After 6/30,Remain Open for the entire year
817 Erie CUSD 1,Whiteside,After 6/30,Remain Open for the entire year
104 Joliet PSD 86,Will,2/14/2017,173
172 Chaney-Monge SD 88,Will,3/28/2017,215
187 Crete Monee CUSD 201U,Will,4/5/2017,223
213 Plainfield SD 202,Will,4/16/2017,234
239 Peotone CUSD 207U,Will,4/30/2017,248
257 Lincoln Way CHSD 210,Will,5/6/2017,254
298 Taft SD 90,Will,5/26/2017,274
334 Valley View CUSD 365U,Will,6/14/2017,Remain Open for the entire year
818 Rockdale SD 84,Will,After 6/30,Remain Open for the entire year
819 Fairmont SD 89,Will,After 6/30,Remain Open for the entire year
820 Manhattan SD 114,Will,After 6/30,Remain Open for the entire year
821 Joliet Twp HSD 204,Will,After 6/30,Remain Open for the entire year
822 Richland GSD 88A,Will,After 6/30,Remain Open for the entire year
823 New Lenox SD 122,Will,After 6/30,Remain Open for the entire year
824 Homer CCSD 33C,Will,After 6/30,Remain Open for the entire year
825 Lockport SD 91,Will,After 6/30,Remain Open for the entire year
826 Summit Hill SD 161,Will,After 6/30,Remain Open for the entire year
827 Mokena SD 159,Will,After 6/30,Remain Open for the entire year
828 Union SD 81,Will,After 6/30,Remain Open for the entire year
829 Will County SD 92,Will,After 6/30,Remain Open for the entire year
830 Lockport Twp HSD 205,Will,After 6/30,Remain Open for the entire year
831 Wilmington CUSD 209U,Will,After 6/30,Remain Open for the entire year
832 Reed Custer CUSD 255U,Will,After 6/30,Remain Open for the entire year
833 Troy CCSD 30C,Will,After 6/30,Remain Open for the entire year
834 Elwood CCSD 203,Will,After 6/30,Remain Open for the entire year
835 Beecher CUSD 200U,Will,After 6/30,Remain Open for the entire year
836 Laraway CCSD 70C,Will,After 6/30,Remain Open for the entire year
837 Frankfort CCSD 157C,Will,After 6/30,Remain Open for the entire year
838 Channahon SD 17,Will,After 6/30,Remain Open for the entire year
34 Herrin CUSD 4,Williamson,12/20/2016,117
73 Crab Orchard CUSD 3,Williamson,1/26/2017,154
98 Johnston City CUSD 1,Williamson,2/8/2017,167
173 Marion CUSD 2,Williamson,3/28/2017,215
186 Carterville CUSD 5,Williamson,4/4/2017,222
113 Harlem UD 122,Winnebago,2/21/2017,180
183 Rockford SD 205,Winnebago,4/3/2017,221
839 Rockton SD 140,Winnebago,After 6/30,Remain Open for the entire year
840 County of Winnebago SD 320,Winnebago,After 6/30,Remain Open for the entire year
841 Hononegah CHD 207,Winnebago,After 6/30,Remain Open for the entire year
842 Kinnikinnick CCSD 131,Winnebago,After 6/30,Remain Open for the entire year
843 Prairie Hill CCSD 133,Winnebago,After 6/30,Remain Open for the entire year
844 Winnebago CUSD 323,Winnebago,After 6/30,Remain Open for the entire year
845 Durand CUSD 322,Winnebago,After 6/30,Remain Open for the entire year
846 Pecatonica CUSD 321,Winnebago,After 6/30,Remain Open for the entire year
847 Shirland CCSD 134,Winnebago,After 6/30,Remain Open for the entire year
182 Fieldcrest CUSD 6,Woodford,4/2/2017,220
252 El Paso-Gridley CUSD 11,Woodford,5/5/2017,253
315 Metamora CCSD 1,Woodford,6/2/2017,Remain Open for the entire year
353 Lowpoint-Washburn CUSD 21,Woodford,6/22/2017,Remain Open for the entire year
848 Eureka CUD 140,Woodford,After 6/30,Remain Open for the entire year
849 Riverview CCSD 2,Woodford,After 6/30,Remain Open for the entire year
850 Roanoke Benson CUSD 60,Woodford,After 6/30,Remain Open for the entire year
851 County of Woodford School,Woodford,After 6/30,Remain Open for the entire year
852 Germantown Hills SD 69,Woodford,After 6/30,Remain Open for the entire year
264 Prophetstown-Lyndon-Tampico CUSD Whiteside,,5/12/2017,260
